{"version": {"json_export": "223", "page_segmentation": "55", "schema": "1.1.0", "structure": "1.1163.0", "table_structure": "5"}, "extended_metadata": {"ID_instance": "A3 C3 1D B2 50 BD B2 11 0A 00 BB C2 50 64 8E 33 ", "ID_permanent": "A3 C3 1D B2 50 BD B2 11 0A 00 BB C2 50 64 8E 33 ", "has_acroform": false, "has_embedded_files": false, "is_XFA": false, "is_certified": false, "is_encrypted": false, "is_digitally_signed": false, "language": "en", "page_count": 1, "pdf_version": "1.6", "pdfa_compliance_level": "", "pdfua_compliance_level": ""}, "elements": [{"Bounds": [31.19000244140625, 793.0700073242188, 199.25006103515625, 806.9420013427734], "Font": {"alt_family_name": "Helvetica", "embedded": false, "encoding": "WinAnsiEncoding", "family_name": "Helvetica", "font_type": "Type1", "italic": false, "monospaced": false, "name": "Helvetica", "subset": false, "weight": 400}, "HasClip": false, "Lang": "en", "ObjectID": 16, "Page": 0, "Path": "//Document/Sect/P", "Text": "This is a simple test document. ", "TextSize": 12.0, "attributes": {"LineHeight": 14.375, "SpaceAfter": 14}}, {"Bounds": [31.19000244140625, 764.7259979248047, 235.28594970703125, 778.5980072021484], "Font": {"alt_family_name": "Helvetica", "embedded": false, "encoding": "WinAnsiEncoding", "family_name": "Helvetica", "font_type": "Type1", "italic": false, "monospaced": false, "name": "Helvetica", "subset": false, "weight": 400}, "HasClip": false, "Lang": "en", "ObjectID": 17, "Page": 0, "Path": "//Document/Sect/P[2]", "Text": "It contains only words and no images. ", "TextSize": 12.0, "attributes": {"LineHeight": 14.375, "SpaceAfter": 13.875}}, {"Bounds": [31.19000244140625, 736.3820037841797, 274.61004638671875, 750.2539978027344], "Font": {"alt_family_name": "Helvetica", "embedded": false, "encoding": "WinAnsiEncoding", "family_name": "Helvetica", "font_type": "Type1", "italic": false, "monospaced": false, "name": "Helvetica", "subset": false, "weight": 400}, "HasClip": false, "Lang": "en", "ObjectID": 18, "Page": 0, "Path": "//Document/Sect/P[3]", "Text": "Use this file to test text extraction from PDFs. ", "TextSize": 12.0, "attributes": {"LineHeight": 14.375, "SpaceAfter": 13.875}}, {"Bounds": [31.19000244140625, 708.0379943847656, 357.9979248046875, 721.9100036621094], "Font": {"alt_family_name": "Helvetica", "embedded": false, "encoding": "WinAnsiEncoding", "family_name": "Helvetica", "font_type": "Type1", "italic": false, "monospaced": false, "name": "Helvetica", "subset": false, "weight": 400}, "HasClip": false, "Lang": "en", "ObjectID": 19, "Page": 0, "Path": "//Document/Sect/P[4]", "Text": "Words are separated clearly and placed in logical sentences. ", "TextSize": 12.0, "attributes": {"LineHeight": 14.375, "SpaceAfter": 13.875}}, {"Bounds": [31.19000244140625, 679.6940002441406, 296.6539306640625, 693.5659942626953], "Font": {"alt_family_name": "Helvetica", "embedded": false, "encoding": "WinAnsiEncoding", "family_name": "Helvetica", "font_type": "Type1", "italic": false, "monospaced": false, "name": "Helvetica", "subset": false, "weight": 400}, "HasClip": false, "Lang": "en", "ObjectID": 20, "Page": 0, "Path": "//Document/Sect/P[5]", "Text": "Each line should be easy for a parser to interpret. ", "TextSize": 12.0, "attributes": {"LineHeight": 14.375}}], "pages": [{"boxes": {"CropBox": [0.0, 0.0, 595.280029296875, 841.8900146484375], "MediaBox": [0.0, 0.0, 595.280029296875, 841.8900146484375]}, "height": 841.8900146484375, "is_scanned": false, "page_number": 0, "rotation": 0, "width": 595.280029296875}]}